epoch	Bleu_1	Bleu_2	Bleu_3	Bleu_4	METEOR	ROUGE_L
0	1.8149717514124037	0.7338037195873693	0.3978949304947655	1.7336400541121746e-05	6.997759829019004	3.937852858752733
1	23.71641152620027	13.465902089388795	5.19306051664489	1.966085324430344	19.650261692170666	39.02832233214402
